shift_id,machine,Cycle_Time_min,util_pct,queue_parts,downtime_min,defects,rework_units,unit_price
S0001,Press 1,11.929,56.56,14.5,9.7,4,2,21.26
S0001,Press 2,16.951,88.91,32.3,23.4,24,8,21.28
S0001,Press 3,9.123,46.6,6.8,4.9,2,1,21.23
S0002,Press 1,11.609,56.2,9.7,14.1,5,3,21.89
S0002,Press 2,16.904,89.53,34.6,52.8,21,14,21.93
S0002,Press 3,9.119,47.6,3.0,7.5,2,1,22.02
S0003,Press 1,11.649,55.72,12.6,10.6,5,3,21.75
S0003,Press 2,16.719,89.7,38.5,53.9,13,8,21.44
S0003,Press 3,9.937,47.29,6.3,10.0,2,1,20.73
S0004,Press 1,11.85,54.42,9.2,13.4,8,4,22.02
S0004,Press 2,18.466,92.52,56.2,37.1,22,8,22.12
S0004,Press 3,8.853,47.88,5.0,7.5,1,1,20.87
S0005,Press 1,12.091,54.77,16.7,17.8,5,2,21.52
S0005,Press 2,18.491,91.72,35.0,30.3,21,10,20.67
S0005,Press 3,9.855,48.81,5.1,6.5,2,1,21.56
S0006,Press 1,11.566,55.37,13.7,8.9,5,4,21.86
S0006,Press 2,16.968,90.22,38.6,32.9,19,15,21.26
S0006,Press 3,9.942,48.04,5.0,10.3,2,1,21.51
S0007,Press 1,11.399,55.59,8.5,18.0,6,3,21.32
S0007,Press 2,18.25,91.29,32.5,37.2,26,10,21.69
S0007,Press 3,8.908,47.26,5.8,9.8,2,1,21.54
S0008,Press 1,12.598,55.21,14.7,15.8,6,3,22.27
S0008,Press 2,16.899,91.46,42.3,43.6,21,14,21.3
S0008,Press 3,9.806,49.42,4.5,5.8,3,1,21.19
S0009,Press 1,12.471,55.69,7.2,10.8,8,2,20.94
S0009,Press 2,16.902,90.61,50.2,48.0,14,8,20.7
S0009,Press 3,9.82,48.67,6.3,5.2,2,1,21.1
S0010,Press 1,12.189,55.43,10.0,19.3,6,2,21.88
S0010,Press 2,18.087,90.59,30.4,30.1,22,8,20.67
S0010,Press 3,9.83,47.86,5.2,5.0,2,1,22.29
S0011,Press 1,11.599,55.02,10.9,17.4,7,3,22.31
S0011,Press 2,16.784,89.11,54.7,44.3,17,7,21.59
S0011,Press 3,9.225,47.4,4.5,9.5,2,1,21.39
S0012,Press 1,11.463,56.34,7.9,8.9,4,2,21.23
S0012,Press 2,18.03,89.47,64.5,25.0,25,9,20.83
S0012,Press 3,9.295,47.39,6.9,9.0,2,1,21.24
S0013,Press 1,12.033,54.81,15.4,13.0,8,4,20.86
S0013,Press 2,17.922,91.86,48.2,35.0,21,15,21.37
S0013,Press 3,8.911,48.55,6.4,7.9,2,1,21.18
S0014,Press 1,11.808,56.14,10.7,15.0,7,4,21.85
S0014,Press 2,16.952,91.8,35.4,39.9,16,12,22.15
S0014,Press 3,9.372,49.36,4.5,6.7,3,1,22.03
S0015,Press 1,12.195,56.34,15.4,17.5,8,2,20.95
S0015,Press 2,17.65,91.17,41.1,45.2,25,13,22.35
S0015,Press 3,9.137,48.68,3.2,10.6,2,1,21.68
S0016,Press 1,11.419,53.94,15.2,9.3,4,2,22.24
S0016,Press 2,16.591,89.86,51.5,32.5,17,12,21.23
S0016,Press 3,9.886,48.07,3.8,9.4,2,1,20.77
S0017,Press 1,12.297,54.63,7.3,19.0,5,3,21.7
S0017,Press 2,16.576,91.38,31.9,38.3,18,14,22.05
S0017,Press 3,9.361,47.07,4.4,9.2,2,1,21.05
S0018,Press 1,12.045,54.36,11.6,12.8,4,2,21.02
S0018,Press 2,17.502,93.3,57.2,46.2,24,15,21.15
S0018,Press 3,9.208,49.05,4.9,8.1,2,1,22.1
S0019,Press 1,11.559,53.35,8.4,9.3,5,2,21.41
S0019,Press 2,17.279,91.59,39.8,35.8,21,10,21.2
S0019,Press 3,9.47,49.01,4.8,5.5,2,1,21.07
S0020,Press 1,11.484,54.68,10.2,10.9,7,2,21.76
S0020,Press 2,16.878,92.6,57.2,25.5,16,13,22.14
S0020,Press 3,9.797,47.35,4.6,10.4,3,1,21.14
S0021,Press 1,11.993,56.04,11.9,18.9,6,3,20.94
S0021,Press 2,17.274,88.8,42.6,24.7,17,9,22.12
S0021,Press 3,9.913,48.71,6.5,9.3,1,1,21.24
S0022,Press 1,12.461,54.17,7.8,12.5,4,2,20.87
S0022,Press 2,17.69,91.19,32.3,45.0,14,7,22.12
S0022,Press 3,9.264,49.39,6.4,10.2,2,1,22.04
S0023,Press 1,11.323,55.07,15.2,19.5,6,3,22.34
S0023,Press 2,17.265,92.47,56.9,27.4,21,7,22.34
S0023,Press 3,9.451,48.74,4.1,6.3,2,1,21.4
S0024,Press 1,12.084,54.21,9.6,11.6,7,3,21.54
S0024,Press 2,18.274,91.26,51.8,52.2,20,12,22.1
S0024,Press 3,9.472,49.05,6.0,9.9,2,1,22.04
S0025,Press 1,12.483,53.84,15.9,10.8,7,4,21.62
S0025,Press 2,18.22,92.27,50.1,45.9,24,13,21.36
S0025,Press 3,9.673,48.92,6.5,10.7,2,1,21.28
S0026,Press 1,11.46,56.06,8.5,13.3,5,2,21.82
S0026,Press 2,18.108,89.8,33.2,48.4,14,8,21.81
S0026,Press 3,9.367,48.3,4.2,10.2,2,1,20.91
S0027,Press 1,11.51,54.49,12.0,14.7,4,3,22.29
S0027,Press 2,16.519,91.26,61.6,30.8,18,14,22.33
S0027,Press 3,9.869,47.49,5.3,8.3,2,1,21.21
S0028,Press 1,11.448,54.31,10.9,10.0,4,2,21.35
S0028,Press 2,17.598,88.97,38.0,37.3,20,8,21.37
S0028,Press 3,9.223,47.57,4.4,9.6,3,1,20.71
S0029,Press 1,11.43,56.14,13.0,16.2,6,2,20.86
S0029,Press 2,16.883,89.28,53.6,41.8,16,13,22.06
S0029,Press 3,9.142,46.62,4.1,6.4,2,1,20.94
S0030,Press 1,12.119,55.07,10.5,13.3,7,3,21.73
S0030,Press 2,17.383,92.35,66.0,40.7,25,11,21.9
S0030,Press 3,9.518,48.66,5.9,8.8,3,1,21.1
S0031,Press 1,12.67,56.34,11.0,13.6,4,3,22.02
S0031,Press 2,16.634,90.02,47.2,41.7,12,9,20.66
S0031,Press 3,9.401,49.21,5.9,8.0,3,1,22.27
S0032,Press 1,11.684,53.93,10.9,13.0,7,4,21.17
S0032,Press 2,18.228,92.38,65.9,34.3,26,15,21.45
S0032,Press 3,9.779,48.97,6.7,5.7,2,1,21.1
S0033,Press 1,11.484,54.31,15.3,19.4,4,3,21.21
S0033,Press 2,17.027,88.74,62.8,30.1,23,7,20.68
S0033,Press 3,9.466,47.57,3.6,8.7,2,1,21.69
S0034,Press 1,11.925,55.83,13.6,10.7,8,2,22.01
S0034,Press 2,18.499,88.31,66.9,30.0,14,7,22.06
S0034,Press 3,9.742,46.6,4.6,5.4,3,1,21.53
S0035,Press 1,11.862,56.09,16.8,13.9,6,3,22.17
S0035,Press 2,16.834,89.83,48.4,31.1,15,11,22.14
S0035,Press 3,9.281,46.73,4.6,9.9,2,1,20.8
S0036,Press 1,12.569,55.57,9.6,13.9,5,4,20.84
S0036,Press 2,17.477,88.8,63.5,44.1,15,8,22.2
S0036,Press 3,9.435,46.62,7.0,10.8,2,1,22.09
S0037,Press 1,12.001,55.46,16.0,8.8,6,2,20.91
S0037,Press 2,18.087,92.05,63.2,26.8,19,10,21.74
S0037,Press 3,9.715,49.34,3.1,7.5,1,1,21.13
S0038,Press 1,12.584,54.72,16.7,8.6,8,4,22.04
S0038,Press 2,17.9,90.23,63.5,42.9,22,14,21.48
S0038,Press 3,8.861,49.21,3.1,5.5,2,1,21.99
S0039,Press 1,12.52,53.59,9.5,9.8,5,2,21.53
S0039,Press 2,16.728,88.63,52.9,48.0,26,8,20.71
S0039,Press 3,9.3,48.62,5.3,4.9,2,1,22.1
S0040,Press 1,12.448,55.77,12.4,8.6,5,2,21.26
S0040,Press 2,16.729,89.24,44.1,53.9,12,7,21.4
S0040,Press 3,9.221,47.73,4.6,6.8,3,1,21.19
S0041,Press 1,12.064,54.16,16.3,18.6,8,2,22.13
S0041,Press 2,17.526,90.07,35.4,24.2,22,14,21.9
S0041,Press 3,9.507,46.93,6.1,7.5,2,1,22.03
S0042,Press 1,11.855,55.99,8.2,17.8,7,2,21.68
S0042,Press 2,18.45,89.62,44.8,41.8,15,12,21.95
S0042,Press 3,9.698,49.2,4.7,6.0,1,1,21.95
S0043,Press 1,11.997,55.78,12.0,12.1,6,4,22.32
S0043,Press 2,16.696,92.42,37.3,47.4,21,12,21.0
S0043,Press 3,9.794,46.79,4.6,8.6,2,1,21.56
S0044,Press 1,12.294,54.56,13.2,15.1,5,3,22.14
S0044,Press 2,17.579,88.62,62.8,42.0,23,10,21.3
S0044,Press 3,9.16,48.76,3.4,6.4,3,1,22.03
S0045,Press 1,12.256,55.58,9.2,11.2,5,4,20.76
S0045,Press 2,17.528,92.41,63.2,50.3,26,9,21.69
S0045,Press 3,9.243,46.71,4.1,5.8,2,1,22.07
S0046,Press 1,11.353,53.63,13.8,11.2,8,3,20.91
S0046,Press 2,18.452,90.34,63.7,47.0,12,13,21.8
S0046,Press 3,9.296,48.98,4.7,8.1,2,1,20.79
S0047,Press 1,11.942,55.57,9.1,14.8,8,3,21.99
S0047,Press 2,17.316,93.49,51.4,53.6,26,12,21.98
S0047,Press 3,9.253,48.91,5.6,10.0,3,1,20.97
S0048,Press 1,11.293,56.12,9.3,16.4,6,4,21.42
S0048,Press 2,17.699,90.82,49.9,50.0,15,13,21.84
S0048,Press 3,8.998,46.69,3.3,9.4,1,1,21.87
S0049,Press 1,11.659,53.82,11.1,10.8,5,3,21.31
S0049,Press 2,18.335,89.69,53.5,37.8,19,12,21.5
S0049,Press 3,9.737,49.37,4.0,10.0,2,1,21.15
S0050,Press 1,12.403,53.7,14.4,8.5,6,2,21.49
S0050,Press 2,16.881,88.38,59.5,24.2,16,9,21.67
S0050,Press 3,9.356,47.21,6.5,7.3,3,1,21.15
S0051,Press 1,11.911,54.73,10.0,14.5,8,3,20.84
S0051,Press 2,17.579,88.29,46.4,46.3,25,8,22.16
S0051,Press 3,8.938,48.63,5.9,10.7,1,1,21.39
S0052,Press 1,12.311,53.37,7.9,16.3,6,3,21.51
S0052,Press 2,17.672,90.15,51.0,28.5,21,7,21.49
S0052,Press 3,9.776,48.95,4.6,6.9,2,1,21.33
S0053,Press 1,11.283,53.73,9.8,16.5,7,2,20.99
S0053,Press 2,16.901,92.33,65.2,23.4,26,11,21.7
S0053,Press 3,9.606,47.06,6.6,8.1,1,1,22.32
S0054,Press 1,12.568,54.57,14.2,15.0,4,4,21.34
S0054,Press 2,16.576,90.57,46.0,48.4,25,13,20.7
S0054,Press 3,9.949,47.36,5.4,8.3,1,1,20.68
S0055,Press 1,12.504,56.02,14.9,11.1,8,2,22.28
S0055,Press 2,18.027,91.59,56.7,41.9,18,10,22.02
S0055,Press 3,9.047,49.1,6.4,5.9,3,1,20.92
S0056,Press 1,11.922,53.35,12.9,19.5,8,2,20.8
S0056,Press 2,16.966,91.77,40.7,50.9,16,7,21.95
S0056,Press 3,9.93,47.3,4.6,8.3,2,1,21.38
S0057,Press 1,11.525,56.14,9.1,13.8,6,3,21.24
S0057,Press 2,17.957,90.27,42.6,32.9,23,13,22.16
S0057,Press 3,8.977,48.37,6.5,6.8,2,1,22.1
S0058,Press 1,11.521,55.17,16.5,14.7,4,4,21.52
S0058,Press 2,18.399,88.99,47.3,31.8,15,14,21.19
S0058,Press 3,9.639,47.7,4.0,6.5,2,1,21.8
S0059,Press 1,11.304,54.88,12.4,18.7,4,4,21.09
S0059,Press 2,18.24,89.31,58.9,36.6,12,12,22.33
S0059,Press 3,9.957,47.6,4.0,7.1,3,1,21.87
S0060,Press 1,11.978,56.21,14.2,15.1,6,2,21.98
S0060,Press 2,17.214,92.79,54.6,26.3,13,14,21.41
S0060,Press 3,9.415,48.51,6.9,10.5,2,1,21.01
S0061,Press 1,11.737,53.69,12.5,15.2,6,4,21.32
S0061,Press 2,18.003,93.22,50.0,45.2,26,11,22.05
S0061,Press 3,9.716,47.14,6.6,10.1,3,1,21.59
S0062,Press 1,12.699,55.65,12.9,13.8,4,2,21.21
S0062,Press 2,18.276,93.38,65.0,34.6,12,12,21.06
S0062,Press 3,9.609,48.7,5.4,6.8,2,1,21.38
S0063,Press 1,12.173,55.44,11.0,16.3,8,3,21.24
S0063,Press 2,18.326,91.02,32.3,27.5,19,15,21.31
S0063,Press 3,8.986,48.92,4.1,5.2,3,1,21.44
S0064,Press 1,11.943,54.95,8.5,14.8,5,4,20.74
S0064,Press 2,16.531,88.39,63.9,41.1,23,13,21.58
S0064,Press 3,8.981,47.44,4.6,10.9,3,1,21.5
S0065,Press 1,12.05,53.76,11.3,18.0,6,3,21.11
S0065,Press 2,17.434,91.09,56.5,33.0,13,15,21.37
S0065,Press 3,9.427,48.22,5.1,6.9,2,1,20.66
S0066,Press 1,11.83,56.11,15.5,10.7,6,3,21.42
S0066,Press 2,17.684,88.58,56.2,39.6,18,8,21.93
S0066,Press 3,9.164,48.22,6.0,7.3,2,1,22.21
S0067,Press 1,12.129,55.83,15.1,10.2,6,4,22.26
S0067,Press 2,16.586,90.95,39.2,37.3,24,10,21.25
S0067,Press 3,9.234,47.08,4.2,5.1,1,1,21.4
S0068,Press 1,12.064,55.41,13.9,18.3,8,3,22.3
S0068,Press 2,16.463,92.34,47.5,33.7,26,14,20.94
S0068,Press 3,9.021,48.37,6.5,6.4,1,1,21.79
S0069,Press 1,12.281,55.61,15.3,16.5,6,2,21.68
S0069,Press 2,17.628,90.95,51.9,26.2,16,9,21.18
S0069,Press 3,8.906,48.1,3.2,11.1,2,1,21.2
S0070,Press 1,11.783,54.11,14.9,9.8,7,3,20.88
S0070,Press 2,18.51,90.39,52.7,46.2,19,15,21.47
S0070,Press 3,9.588,49.08,3.3,6.8,2,1,21.5
S0071,Press 1,12.482,54.81,14.4,14.9,8,4,22.29
S0071,Press 2,18.302,90.27,46.3,49.6,14,15,22.14
S0071,Press 3,9.423,47.28,3.2,10.2,1,1,21.66
S0072,Press 1,12.637,53.68,12.9,8.7,5,2,22.34
S0072,Press 2,16.953,89.56,41.4,47.7,22,12,22.17
S0072,Press 3,9.824,48.78,6.5,7.9,2,1,22.22
S0073,Press 1,11.374,54.56,13.7,14.9,5,2,22.11
S0073,Press 2,16.527,88.92,40.4,53.9,22,13,21.36
S0073,Press 3,8.945,48.77,5.9,6.6,2,1,21.86
S0074,Press 1,12.715,54.36,15.8,14.8,7,4,21.1
S0074,Press 2,17.401,90.39,65.8,51.2,21,15,22.25
S0074,Press 3,9.138,48.57,3.7,7.3,1,1,22.3
S0075,Press 1,11.76,55.81,12.1,17.9,8,4,21.69
S0075,Press 2,16.882,91.78,30.9,46.0,14,11,20.95
S0075,Press 3,9.286,49.17,5.4,9.0,3,1,21.58
S0076,Press 1,11.59,54.88,8.3,12.8,8,3,21.99
S0076,Press 2,16.978,92.12,37.5,32.6,19,15,21.34
S0076,Press 3,8.969,47.47,6.3,7.1,3,1,20.73
S0077,Press 1,11.709,55.62,12.7,12.7,7,2,21.0
S0077,Press 2,16.997,90.19,64.7,41.7,22,12,22.33
S0077,Press 3,9.69,47.48,5.2,9.9,3,1,21.09
S0078,Press 1,12.091,54.01,14.0,17.9,7,3,21.03
S0078,Press 2,17.434,89.94,50.3,48.4,22,7,21.77
S0078,Press 3,9.566,48.45,5.2,6.0,2,1,21.8
S0079,Press 1,12.596,56.35,8.3,17.8,8,4,21.84
S0079,Press 2,16.487,88.72,43.2,25.7,20,13,22.17
S0079,Press 3,9.523,49.04,6.1,10.9,1,1,22.19
S0080,Press 1,12.612,54.31,15.1,17.1,6,3,21.97
S0080,Press 2,17.072,92.74,46.0,29.0,21,15,21.44
S0080,Press 3,8.895,46.8,6.9,10.0,2,1,21.55
S0081,Press 1,12.02,56.64,8.6,10.7,5,3,21.44
S0081,Press 2,18.123,90.49,53.4,34.4,24,9,21.37
S0081,Press 3,9.15,47.87,5.6,9.1,2,1,22.27
S0082,Press 1,11.667,55.61,14.8,19.4,5,3,20.82
S0082,Press 2,18.326,90.29,29.6,23.9,26,7,22.23
S0082,Press 3,9.434,48.24,4.4,6.9,2,1,21.24
S0083,Press 1,11.751,53.81,9.6,16.5,7,3,21.84
S0083,Press 2,18.365,92.34,31.9,35.5,19,12,21.27
S0083,Press 3,8.846,46.61,4.3,5.8,2,1,21.82
S0084,Press 1,12.427,53.75,14.3,19.1,6,3,21.53
S0084,Press 2,18.021,90.33,60.0,38.9,24,13,21.71
S0084,Press 3,9.202,47.47,4.7,9.8,2,1,21.63
S0085,Press 1,11.862,54.16,12.8,15.6,8,4,22.28
S0085,Press 2,17.446,90.74,46.3,34.0,17,11,21.92
S0085,Press 3,8.973,48.86,3.6,5.2,2,1,22.31
S0086,Press 1,11.715,53.58,12.3,14.4,6,2,21.93
S0086,Press 2,18.087,91.36,39.6,28.3,20,15,22.02
S0086,Press 3,9.66,47.8,4.6,8.1,3,1,21.54
S0087,Press 1,12.386,55.27,7.3,10.2,6,3,22.18
S0087,Press 2,18.164,91.11,58.1,47.4,23,10,21.07
S0087,Press 3,9.869,48.33,3.8,7.8,3,1,20.7
S0088,Press 1,11.756,54.86,9.9,12.6,6,2,21.66
S0088,Press 2,17.302,91.85,39.6,26.3,25,12,21.88
S0088,Press 3,9.85,46.9,5.1,7.4,2,1,22.06
S0089,Press 1,11.373,53.56,9.5,17.3,5,4,21.39
S0089,Press 2,17.328,93.43,62.0,34.6,11,9,22.21
S0089,Press 3,9.252,47.91,5.4,5.9,2,1,21.7
S0090,Press 1,11.752,56.02,10.7,12.0,4,2,20.89
S0090,Press 2,18.035,89.3,31.4,32.5,15,12,21.73
S0090,Press 3,9.494,46.9,3.4,9.8,1,1,21.19
S0091,Press 1,11.388,54.53,14.7,14.9,6,2,21.69
S0091,Press 2,17.508,91.95,31.1,41.7,25,7,21.64
S0091,Press 3,9.348,48.9,5.5,5.4,2,1,21.64
S0092,Press 1,12.213,54.45,10.6,11.2,6,3,20.87
S0092,Press 2,18.536,92.02,29.1,34.2,13,12,21.7
S0092,Press 3,8.968,47.17,6.0,8.4,2,1,20.81
S0093,Press 1,11.849,55.46,10.2,13.8,5,4,21.85
S0093,Press 2,17.457,93.18,50.3,29.1,19,9,21.8
S0093,Press 3,8.939,46.71,4.7,9.9,3,1,20.65
S0094,Press 1,11.896,56.07,8.6,16.9,6,2,22.15
S0094,Press 2,17.081,92.38,30.4,23.9,21,13,21.77
S0094,Press 3,9.798,46.86,4.2,9.9,1,1,20.82
S0095,Press 1,12.226,54.75,9.4,11.7,6,3,21.45
S0095,Press 2,16.781,89.86,34.1,33.2,20,11,21.15
S0095,Press 3,9.617,47.96,7.0,7.8,2,1,21.75
S0096,Press 1,12.196,54.52,15.5,16.1,8,4,22.24
S0096,Press 2,16.558,92.18,65.9,35.8,13,12,21.83
S0096,Press 3,9.558,48.26,3.4,6.7,2,1,22.12
S0097,Press 1,12.636,56.27,16.0,15.9,6,2,21.65
S0097,Press 2,17.01,91.74,47.7,41.8,17,15,20.88
S0097,Press 3,9.457,48.77,6.4,6.7,3,1,21.25
S0098,Press 1,11.707,54.28,7.2,17.3,7,3,21.22
S0098,Press 2,16.823,91.84,48.9,40.2,21,15,21.62
S0098,Press 3,8.909,48.56,3.3,10.5,2,1,21.72
S0099,Press 1,12.634,53.84,8.9,9.4,5,2,21.03
S0099,Press 2,18.205,93.18,51.2,34.6,13,12,22.32
S0099,Press 3,8.847,48.17,3.0,10.7,2,1,20.92
S0100,Press 1,12.087,54.58,13.8,17.7,7,3,21.45
S0100,Press 2,16.952,91.12,53.7,26.4,27,11,20.75
S0100,Press 3,8.966,47.56,4.6,8.9,2,1,22.2
S0101,Press 1,11.634,54.51,10.8,9.4,5,4,21.64
S0101,Press 2,18.026,88.65,61.0,44.9,13,13,22.19
S0101,Press 3,9.604,47.01,4.1,8.0,2,1,20.93
S0102,Press 1,11.624,56.27,11.3,13.1,7,3,20.68
S0102,Press 2,18.094,89.66,49.7,27.1,18,10,22.13
S0102,Press 3,9.908,47.63,6.1,10.1,2,1,21.1
S0103,Press 1,12.079,55.01,16.1,12.8,4,4,21.19
S0103,Press 2,17.854,90.11,31.3,54.5,24,10,21.78
S0103,Press 3,8.896,48.85,6.7,11.0,3,1,21.48
S0104,Press 1,12.017,56.13,7.8,17.4,6,2,22.06
S0104,Press 2,17.423,93.25,40.8,44.7,21,14,21.67
S0104,Press 3,8.922,48.94,4.5,9.9,3,1,21.46
S0105,Press 1,11.508,55.25,10.0,12.0,4,2,21.83
S0105,Press 2,17.561,91.33,55.6,50.1,17,7,21.57
S0105,Press 3,9.162,46.69,6.7,6.7,2,1,20.93
S0106,Press 1,11.337,55.51,14.9,16.3,7,4,22.2
S0106,Press 2,17.47,92.2,37.1,36.1,15,12,21.29
S0106,Press 3,9.126,48.87,6.6,9.6,1,1,22.25
S0107,Press 1,12.048,55.77,14.1,15.9,5,3,21.09
S0107,Press 2,16.574,92.3,47.0,45.0,14,15,21.33
S0107,Press 3,9.799,46.82,3.9,7.7,2,1,20.82
S0108,Press 1,11.938,55.53,16.8,15.1,8,4,21.1
S0108,Press 2,17.727,91.6,53.3,34.9,19,12,20.98
S0108,Press 3,9.431,47.5,6.2,5.8,2,1,21.01
S0109,Press 1,11.953,53.72,14.1,9.9,8,2,21.12
S0109,Press 2,17.873,90.9,66.4,30.2,25,9,20.97
S0109,Press 3,9.225,47.45,3.6,10.0,3,1,20.92
S0110,Press 1,11.933,55.55,13.6,15.4,7,2,21.3
S0110,Press 2,18.49,89.61,34.2,34.8,23,15,21.46
S0110,Press 3,9.267,49.23,4.8,10.8,3,1,21.03
S0111,Press 1,11.354,53.83,14.2,11.9,7,2,21.34
S0111,Press 2,17.823,90.99,63.4,33.3,18,15,21.37
S0111,Press 3,9.43,47.75,3.6,4.9,2,1,22.07
S0112,Press 1,12.428,53.63,8.0,10.5,4,3,22.21
S0112,Press 2,18.475,90.06,56.0,52.1,12,14,20.64
S0112,Press 3,8.942,46.88,3.3,7.5,2,1,22.1
S0113,Press 1,12.143,56.16,16.0,19.0,4,2,21.84
S0113,Press 2,18.486,90.52,47.7,54.4,16,8,21.89
S0113,Press 3,8.939,48.25,6.1,7.3,2,1,22.22
S0114,Press 1,11.655,55.58,13.9,11.8,8,4,21.43
S0114,Press 2,16.915,90.09,59.2,25.0,15,7,21.33
S0114,Press 3,9.855,46.76,3.0,5.7,2,1,21.56
S0115,Press 1,12.072,54.57,9.0,16.3,4,2,20.65
S0115,Press 2,18.532,93.08,44.4,37.4,25,7,21.85
S0115,Press 3,9.852,47.33,5.6,5.2,1,1,21.91
S0116,Press 1,11.973,56.56,7.3,10.7,7,4,20.83
S0116,Press 2,17.951,91.89,35.2,54.4,23,13,21.77
S0116,Press 3,9.388,46.85,6.0,6.7,3,1,21.62
S0117,Press 1,12.357,56.62,8.7,18.0,4,3,20.77
S0117,Press 2,17.176,93.68,59.5,40.9,24,9,22.18
S0117,Press 3,9.316,47.51,3.8,6.5,2,1,21.38
S0118,Press 1,12.231,56.3,10.6,13.7,4,3,21.8
S0118,Press 2,16.454,88.9,49.3,47.8,12,11,21.09
S0118,Press 3,9.457,48.34,5.9,6.6,2,1,21.26
S0119,Press 1,12.686,56.22,16.3,12.1,5,4,22.22
S0119,Press 2,17.622,91.03,53.9,32.8,20,9,20.74
S0119,Press 3,9.34,47.23,4.8,6.6,1,1,21.53
S0120,Press 1,12.07,56.46,16.3,10.1,7,3,20.87
S0120,Press 2,17.698,90.69,47.8,45.9,16,10,21.06
S0120,Press 3,9.742,47.07,3.4,10.2,2,1,22.14
S0121,Press 1,11.316,55.84,12.1,15.3,6,3,21.35
S0121,Press 2,17.278,89.11,36.8,42.6,13,9,21.23
S0121,Press 3,8.877,48.33,3.1,6.4,1,1,22.12
S0122,Press 1,11.659,55.57,15.1,18.4,7,3,21.54
S0122,Press 2,18.425,88.51,51.5,37.1,16,10,21.41
S0122,Press 3,9.955,47.75,6.7,5.9,2,1,21.95
S0123,Press 1,11.646,53.74,13.2,13.3,8,3,22.1
S0123,Press 2,18.273,93.17,44.1,45.7,23,14,22.3
S0123,Press 3,9.406,47.44,3.8,10.9,2,1,22.16
S0124,Press 1,11.299,55.22,14.1,9.6,4,4,22.12
S0124,Press 2,18.364,93.17,41.3,35.4,16,7,20.81
S0124,Press 3,9.062,48.49,6.2,7.6,2,1,21.01
S0125,Press 1,12.504,53.64,10.1,8.5,6,3,20.79
S0125,Press 2,17.974,93.3,49.5,35.4,22,13,21.09
S0125,Press 3,9.553,48.13,3.2,9.5,2,1,21.09
S0126,Press 1,12.581,55.68,8.7,11.9,4,4,21.14
S0126,Press 2,17.999,89.55,66.7,26.7,12,11,22.06
S0126,Press 3,9.716,48.51,4.4,6.8,3,1,21.17
S0127,Press 1,11.616,56.13,14.5,12.4,4,4,20.68
S0127,Press 2,16.844,93.11,63.1,25.9,13,15,22.21
S0127,Press 3,8.904,48.96,3.8,7.5,2,1,22.0
S0128,Press 1,11.672,55.72,15.6,19.3,8,2,21.83
S0128,Press 2,17.412,91.66,42.1,29.9,12,7,21.97
S0128,Press 3,9.562,49.07,4.1,9.9,2,1,21.69
S0129,Press 1,12.62,53.67,14.6,18.0,8,4,20.97
S0129,Press 2,18.435,88.84,59.5,30.0,12,13,21.17
S0129,Press 3,8.88,48.57,6.3,5.5,3,1,21.89
S0130,Press 1,11.314,56.52,15.2,12.6,4,3,21.24
S0130,Press 2,17.063,93.73,33.7,30.9,20,12,21.35
S0130,Press 3,9.627,46.67,4.8,6.1,2,1,21.32
S0131,Press 1,12.578,56.29,14.6,17.1,4,4,21.36
S0131,Press 2,18.18,89.84,64.8,45.5,16,14,21.75
S0131,Press 3,9.385,47.21,6.9,8.8,2,1,22.17
S0132,Press 1,12.239,55.13,13.8,15.0,8,3,22.2
S0132,Press 2,17.897,91.73,49.7,28.5,20,14,21.03
S0132,Press 3,9.76,47.0,5.3,7.3,1,1,22.32
S0133,Press 1,12.514,54.62,14.8,18.6,5,4,21.23
S0133,Press 2,18.049,90.89,63.9,51.5,19,8,21.44
S0133,Press 3,9.053,49.2,5.1,9.8,1,1,20.71
S0134,Press 1,11.955,54.51,15.6,12.3,7,2,21.93
S0134,Press 2,17.171,90.54,46.4,27.3,20,9,21.88
S0134,Press 3,9.525,48.51,5.9,10.7,2,1,20.65
S0135,Press 1,11.391,53.47,15.5,8.8,5,4,21.12
S0135,Press 2,18.175,91.31,50.2,34.5,22,15,22.25
S0135,Press 3,8.854,47.55,3.9,8.3,1,1,20.92
S0136,Press 1,12.177,54.94,12.4,18.8,8,3,21.05
S0136,Press 2,18.163,92.86,34.6,29.9,12,15,20.71
S0136,Press 3,9.568,49.25,4.8,10.8,1,1,20.79
S0137,Press 1,11.657,55.89,10.5,12.0,7,2,21.74
S0137,Press 2,18.486,93.32,54.6,33.0,22,9,21.68
S0137,Press 3,8.899,48.0,6.2,8.9,2,1,20.79
S0138,Press 1,12.506,53.97,9.7,9.9,7,3,21.95
S0138,Press 2,17.241,89.5,30.1,25.4,21,8,20.94
S0138,Press 3,9.036,48.91,3.5,8.5,3,1,22.16
S0139,Press 1,12.446,53.92,12.7,17.2,8,2,21.04
S0139,Press 2,17.017,90.45,30.4,40.3,25,14,20.8
S0139,Press 3,9.721,47.27,4.8,5.7,2,1,21.84
S0140,Press 1,12.186,56.33,8.2,11.0,8,2,21.34
S0140,Press 2,16.699,88.58,66.6,40.3,16,11,21.82
S0140,Press 3,9.798,47.29,6.5,9.1,2,1,21.82
S0141,Press 1,12.511,54.96,13.5,12.2,6,4,22.15
S0141,Press 2,17.373,90.03,62.4,30.7,26,13,21.49
S0141,Press 3,8.996,46.75,6.1,9.9,2,1,21.79
S0142,Press 1,12.163,53.73,15.2,12.9,5,4,20.88
S0142,Press 2,17.11,93.18,36.2,34.6,23,9,21.14
S0142,Press 3,9.917,46.68,6.5,10.4,2,1,20.87
S0143,Press 1,12.269,53.95,12.5,19.2,4,3,21.26
S0143,Press 2,16.999,93.29,48.1,27.2,12,14,22.26
S0143,Press 3,9.068,46.75,6.6,5.7,2,1,21.31
S0144,Press 1,11.922,53.42,16.5,10.1,5,2,21.84
S0144,Press 2,16.848,88.62,44.2,32.4,24,10,20.66
S0144,Press 3,9.884,47.01,4.1,6.4,1,1,22.16
S0145,Press 1,11.518,54.43,8.1,12.9,8,3,22.13
S0145,Press 2,18.172,92.56,32.1,31.6,19,15,20.76
S0145,Press 3,9.739,47.4,4.0,6.9,2,1,21.18
S0146,Press 1,12.499,54.97,14.9,9.7,4,3,21.09
S0146,Press 2,18.379,89.62,50.3,48.5,16,9,21.15
S0146,Press 3,9.594,49.32,3.4,5.0,2,1,21.17
S0147,Press 1,11.449,53.83,11.8,11.6,7,2,20.7
S0147,Press 2,16.794,91.28,64.4,37.8,22,11,22.26
S0147,Press 3,9.365,49.11,5.5,8.9,1,1,21.38
S0148,Press 1,12.047,55.24,9.6,11.0,8,3,22.32
S0148,Press 2,17.712,92.1,59.7,34.3,12,15,22.19
S0148,Press 3,9.787,49.27,3.9,5.6,2,1,21.23
S0149,Press 1,11.642,53.82,16.4,19.4,7,2,21.74
S0149,Press 2,16.566,93.33,47.0,53.8,14,9,21.21
S0149,Press 3,9.869,47.11,5.6,8.9,2,1,21.93
S0150,Press 1,12.357,54.58,12.5,13.4,7,2,22.36
S0150,Press 2,17.07,89.24,54.6,46.4,25,13,20.75
S0150,Press 3,9.142,46.8,5.3,8.3,2,1,22.36
S0151,Press 1,12.561,56.63,13.5,11.0,4,4,21.9
S0151,Press 2,17.134,91.12,44.3,25.9,16,12,21.1
S0151,Press 3,9.204,48.39,4.1,6.2,2,1,21.35
S0152,Press 1,12.262,54.56,15.2,13.5,7,4,20.93
S0152,Press 2,17.895,88.88,43.4,51.9,14,11,21.1
S0152,Press 3,9.291,46.86,5.3,8.5,2,1,22.04
S0153,Press 1,11.516,55.61,13.6,15.6,8,3,21.84
S0153,Press 2,18.078,92.26,56.9,46.6,15,12,22.36
S0153,Press 3,9.124,47.22,4.3,7.1,2,1,21.99
S0154,Press 1,12.687,56.12,14.8,15.6,6,2,20.92
S0154,Press 2,16.776,93.44,53.8,33.1,11,11,21.0
S0154,Press 3,9.363,49.25,6.1,10.0,2,1,21.03
S0155,Press 1,12.665,54.58,9.0,10.0,7,4,22.34
S0155,Press 2,17.979,89.48,29.8,29.8,23,12,20.86
S0155,Press 3,9.403,49.38,5.9,7.7,3,1,21.41
S0156,Press 1,11.925,55.7,9.7,18.0,6,2,22.2
S0156,Press 2,18.525,90.24,46.9,44.6,11,13,20.99
S0156,Press 3,9.893,48.72,3.4,8.2,2,1,21.92
S0157,Press 1,11.803,53.61,11.5,10.4,4,2,21.7
S0157,Press 2,16.847,92.72,65.7,23.8,20,12,21.26
S0157,Press 3,9.949,48.07,4.8,9.3,1,1,21.06
S0158,Press 1,11.81,54.86,12.1,15.8,8,4,21.98
S0158,Press 2,17.338,91.55,55.1,26.8,24,11,22.15
S0158,Press 3,9.73,46.74,3.1,9.4,2,1,22.29
S0159,Press 1,11.868,55.97,11.5,11.9,6,3,21.24
S0159,Press 2,17.528,92.74,49.9,48.4,23,9,21.12
S0159,Press 3,8.882,47.16,6.7,9.7,2,1,21.35
S0160,Press 1,12.452,54.66,13.0,18.3,7,2,21.58
S0160,Press 2,17.448,92.17,51.9,49.9,12,7,22.26
S0160,Press 3,9.936,47.45,6.3,10.8,2,1,21.32
S0161,Press 1,12.54,56.56,10.9,15.8,5,3,22.06
S0161,Press 2,17.188,90.16,64.8,39.0,19,14,20.72
S0161,Press 3,9.12,48.25,3.7,9.5,2,1,21.44
S0162,Press 1,11.774,54.19,8.7,13.2,8,3,21.61
S0162,Press 2,17.956,93.39,41.8,47.9,14,10,21.15
S0162,Press 3,9.591,48.7,5.2,7.5,1,1,21.45
S0163,Press 1,11.825,55.74,12.9,18.5,8,3,21.3
S0163,Press 2,17.356,90.13,59.4,34.0,25,11,21.27
S0163,Press 3,9.581,49.15,3.7,11.0,1,1,22.16
S0164,Press 1,11.749,55.55,14.6,12.9,8,2,21.3
S0164,Press 2,16.865,90.76,37.1,37.2,21,9,20.66
S0164,Press 3,9.818,47.92,3.6,10.4,2,1,21.72
S0165,Press 1,12.561,56.06,14.7,12.4,8,3,20.96
S0165,Press 2,16.76,90.89,36.4,40.8,11,8,21.8
S0165,Press 3,9.871,48.36,3.8,5.5,2,1,21.86
S0166,Press 1,12.566,56.55,8.0,19.6,4,2,21.54
S0166,Press 2,18.118,91.17,47.4,49.7,21,8,20.81
S0166,Press 3,9.057,48.14,5.1,8.7,2,1,22.29
S0167,Press 1,12.716,55.18,9.2,15.2,6,4,21.75
S0167,Press 2,17.528,93.04,64.3,48.0,24,11,20.8
S0167,Press 3,9.369,48.19,6.7,11.0,3,1,21.18
S0168,Press 1,12.29,54.59,12.3,12.4,4,4,22.03
S0168,Press 2,18.541,92.69,32.7,52.4,14,9,22.31
S0168,Press 3,9.062,47.34,4.1,9.6,1,1,22.35
S0169,Press 1,12.425,56.45,14.4,16.2,4,4,21.93
S0169,Press 2,17.075,89.57,56.4,34.3,15,10,21.22
S0169,Press 3,9.781,47.53,4.9,5.9,1,1,22.02
S0170,Press 1,11.326,55.55,10.1,17.8,7,2,21.12
S0170,Press 2,17.538,93.27,62.5,48.6,18,12,22.05
S0170,Press 3,8.929,48.39,4.3,8.7,2,1,22.18
S0171,Press 1,12.314,55.44,10.0,9.4,7,4,20.68
S0171,Press 2,18.365,93.72,34.4,25.8,18,13,21.74
S0171,Press 3,9.159,48.92,4.7,5.6,2,1,21.31
S0172,Press 1,12.559,53.55,9.8,13.6,6,2,21.91
S0172,Press 2,18.295,90.11,34.3,51.5,20,9,20.7
S0172,Press 3,9.273,48.37,4.8,8.2,3,1,21.03
S0173,Press 1,12.229,55.79,15.3,15.5,7,2,22.15
S0173,Press 2,16.985,90.64,29.3,45.2,13,7,20.66
S0173,Press 3,9.339,46.62,3.1,7.2,3,1,21.18
S0174,Press 1,12.582,56.58,10.9,19.5,4,4,20.84
S0174,Press 2,18.142,88.62,33.3,37.0,22,10,21.47
S0174,Press 3,9.561,48.59,3.3,8.1,1,1,21.83
S0175,Press 1,11.678,54.22,12.6,9.9,5,3,22.03
S0175,Press 2,17.397,89.72,45.6,34.5,24,9,21.75
S0175,Press 3,9.747,46.87,6.7,7.4,2,1,21.39
S0176,Press 1,12.157,54.42,7.8,15.7,4,3,20.67
S0176,Press 2,16.686,88.6,54.5,27.2,18,9,21.18
S0176,Press 3,9.652,47.68,5.0,7.0,3,1,20.82
S0177,Press 1,11.931,55.09,11.0,13.6,6,2,22.23
S0177,Press 2,17.226,89.85,64.0,39.0,12,14,21.86
S0177,Press 3,9.025,47.38,7.0,7.3,2,1,22.18
S0178,Press 1,12.428,56.3,10.5,9.2,5,4,21.35
S0178,Press 2,17.975,91.23,52.0,33.6,15,11,21.46
S0178,Press 3,9.602,48.02,4.8,5.6,2,1,21.33
S0179,Press 1,11.408,53.91,14.9,13.1,5,4,21.93
S0179,Press 2,18.467,90.57,34.8,50.2,13,11,21.39
S0179,Press 3,9.364,48.16,5.5,9.8,2,1,21.79
S0180,Press 1,12.372,55.16,14.6,9.5,6,2,21.52
S0180,Press 2,17.886,89.37,66.6,37.5,16,15,20.84
S0180,Press 3,8.839,48.78,5.6,8.0,2,1,21.59
S0181,Press 1,12.319,55.35,11.3,14.5,8,2,21.11
S0181,Press 2,16.834,89.81,45.2,30.0,14,9,20.68
S0181,Press 3,9.453,47.03,4.5,7.9,2,1,21.62
S0182,Press 1,12.591,53.48,8.1,16.5,5,4,22.08
S0182,Press 2,17.065,92.77,45.9,50.9,12,9,21.96
S0182,Press 3,9.14,47.47,3.4,5.2,2,1,21.75
S0183,Press 1,11.658,56.43,16.4,11.5,7,3,21.11
S0183,Press 2,17.984,88.87,53.5,29.4,14,12,21.33
S0183,Press 3,9.324,47.98,4.3,5.1,2,1,21.0
S0184,Press 1,12.204,55.16,15.5,16.5,7,4,22.25
S0184,Press 2,18.305,91.29,62.5,48.5,13,12,21.05
S0184,Press 3,9.288,46.83,5.1,9.3,1,1,20.92
S0185,Press 1,12.464,54.57,8.1,18.4,8,4,21.03
S0185,Press 2,17.533,92.46,48.9,34.7,23,9,21.67
S0185,Press 3,9.489,46.92,3.6,7.6,2,1,20.93
S0186,Press 1,12.652,53.74,12.8,13.1,4,2,21.58
S0186,Press 2,17.173,93.72,44.0,37.5,16,10,21.28
S0186,Press 3,9.294,48.74,4.6,4.8,1,1,21.86
S0187,Press 1,11.36,55.86,10.7,9.1,8,3,20.68
S0187,Press 2,16.956,91.25,42.8,53.7,24,8,20.86
S0187,Press 3,9.932,48.31,5.7,9.1,2,1,22.0
S0188,Press 1,12.203,54.55,12.0,12.4,5,4,21.86
S0188,Press 2,16.668,92.99,48.6,52.6,14,12,21.02
S0188,Press 3,9.261,48.28,5.8,8.9,2,1,22.1
S0189,Press 1,12.115,55.51,8.7,9.5,5,2,21.89
S0189,Press 2,17.112,90.22,56.6,24.4,24,8,21.18
S0189,Press 3,9.921,47.02,4.9,11.0,1,1,21.59
S0190,Press 1,11.949,55.88,13.7,9.0,8,2,20.69
S0190,Press 2,17.476,93.5,32.7,38.8,12,13,21.25
S0190,Press 3,9.475,47.27,3.7,9.6,2,1,21.29
S0191,Press 1,11.803,56.59,8.5,12.9,8,2,22.33
S0191,Press 2,17.023,90.23,36.7,35.7,19,12,21.14
S0191,Press 3,8.955,47.39,4.4,5.9,2,1,21.47
S0192,Press 1,12.408,55.58,15.6,17.1,4,2,21.52
S0192,Press 2,18.539,89.64,62.4,53.7,22,8,21.38
S0192,Press 3,9.732,48.28,4.6,6.5,2,1,20.97
S0193,Press 1,12.119,54.05,9.2,9.1,5,2,21.88
S0193,Press 2,18.135,92.73,62.5,42.1,21,12,22.17
S0193,Press 3,9.698,46.76,4.5,9.4,2,1,20.87
S0194,Press 1,12.594,56.1,16.3,8.6,5,4,21.83
S0194,Press 2,17.468,89.22,61.3,37.9,20,8,20.87
S0194,Press 3,9.127,46.85,5.0,7.1,2,1,21.61
S0195,Press 1,12.378,56.11,14.6,15.2,6,3,20.89
S0195,Press 2,18.125,90.17,37.7,37.5,13,14,22.25
S0195,Press 3,9.921,48.25,4.8,10.5,2,1,21.19
S0196,Press 1,11.6,55.17,13.3,12.5,6,3,21.45
S0196,Press 2,18.48,90.99,29.2,35.4,17,14,21.78
S0196,Press 3,9.356,47.7,6.3,10.2,2,1,21.61
S0197,Press 1,11.283,55.85,13.9,10.0,4,3,22.08
S0197,Press 2,16.659,93.04,56.7,30.4,13,9,21.38
S0197,Press 3,8.986,47.62,4.1,11.0,2,1,21.61
S0198,Press 1,11.867,55.4,10.7,9.8,6,2,22.24
S0198,Press 2,17.168,93.1,50.7,35.7,18,11,21.4
S0198,Press 3,9.702,48.25,6.9,6.1,2,1,22.03
S0199,Press 1,12.633,53.73,12.2,13.2,6,3,21.3
S0199,Press 2,16.795,92.99,47.5,26.2,27,14,21.58
S0199,Press 3,9.898,47.79,4.9,5.5,3,1,20.86
S0200,Press 1,11.939,54.62,11.0,10.0,8,2,21.04
S0200,Press 2,18.446,88.96,34.7,50.9,25,12,20.96
S0200,Press 3,9.372,48.38,5.1,10.7,3,1,21.77
S0201,Press 1,12.014,56.16,14.6,8.8,6,3,21.96
S0201,Press 2,17.226,90.19,32.2,36.8,15,13,20.78
S0201,Press 3,9.528,47.65,5.0,8.6,3,1,21.51
S0202,Press 1,12.405,53.54,11.4,15.6,6,3,21.17
S0202,Press 2,16.515,91.41,57.5,34.7,17,10,21.43
S0202,Press 3,9.166,47.42,4.9,10.8,2,1,21.7
S0203,Press 1,11.502,55.17,13.3,17.9,4,4,22.13
S0203,Press 2,18.085,90.22,57.8,30.8,18,14,21.66
S0203,Press 3,8.988,48.3,3.7,5.2,2,1,21.88
S0204,Press 1,11.659,54.62,7.3,16.1,6,2,21.6
S0204,Press 2,16.839,89.42,40.0,30.2,25,7,21.49
S0204,Press 3,9.696,47.48,6.2,10.7,2,1,21.79
S0205,Press 1,11.986,54.69,12.3,18.4,4,2,21.53
S0205,Press 2,17.824,90.88,52.7,24.7,16,14,21.52
S0205,Press 3,9.932,46.73,5.7,4.8,2,1,22.34
S0206,Press 1,12.002,56.56,9.0,14.2,8,3,20.76
S0206,Press 2,18.188,92.28,57.6,27.0,21,8,21.96
S0206,Press 3,8.993,48.15,3.2,11.2,2,1,20.82
S0207,Press 1,12.21,54.2,14.7,14.3,7,2,22.26
S0207,Press 2,16.767,88.64,61.1,50.1,18,9,20.82
S0207,Press 3,9.746,49.25,3.1,5.8,2,1,21.25
S0208,Press 1,12.171,55.05,12.9,16.7,6,4,22.27
S0208,Press 2,16.596,89.4,36.1,28.8,25,11,21.96
S0208,Press 3,9.416,46.66,4.3,7.2,2,1,21.89
S0209,Press 1,12.304,54.53,11.9,16.4,5,3,21.66
S0209,Press 2,16.565,90.14,60.9,31.4,22,10,21.31
S0209,Press 3,9.747,47.72,3.3,8.9,2,1,21.65
S0210,Press 1,11.99,54.82,7.6,11.7,7,4,22.11
S0210,Press 2,18.062,90.45,46.3,29.0,24,9,20.98
S0210,Press 3,9.463,47.38,5.1,10.6,2,1,21.65
S0211,Press 1,11.39,55.97,14.3,14.0,5,4,21.17
S0211,Press 2,17.585,88.96,65.7,44.5,20,11,21.01
S0211,Press 3,9.829,47.48,5.9,9.3,2,1,22.02
S0212,Press 1,12.053,54.48,13.3,8.5,4,2,20.7
S0212,Press 2,17.307,91.07,57.0,39.8,23,15,20.95
S0212,Press 3,8.871,49.0,6.8,6.1,1,1,21.28
S0213,Press 1,11.995,54.87,11.6,11.2,4,4,21.57
S0213,Press 2,17.784,88.71,43.8,38.2,16,15,21.81
S0213,Press 3,9.719,48.26,5.7,6.2,3,1,20.94
S0214,Press 1,12.073,56.62,11.5,14.2,5,4,22.15
S0214,Press 2,18.481,91.87,33.2,29.2,19,11,21.33
S0214,Press 3,8.948,47.6,4.4,10.0,2,1,22.26
S0215,Press 1,11.658,53.71,8.1,14.8,8,4,21.19
S0215,Press 2,16.976,92.77,35.1,52.6,15,9,20.83
S0215,Press 3,9.773,47.78,4.4,8.0,2,1,21.87
S0216,Press 1,11.52,53.42,12.6,12.2,7,3,20.82
S0216,Press 2,18.36,93.24,32.8,42.5,22,7,20.88
S0216,Press 3,9.131,47.12,6.0,6.7,2,1,22.06
S0217,Press 1,11.877,53.79,14.4,11.8,4,4,21.41
S0217,Press 2,18.03,90.5,50.3,34.9,19,13,22.23
S0217,Press 3,8.946,47.92,3.5,7.6,2,1,21.57
S0218,Press 1,12.486,54.11,8.4,16.3,6,3,21.06
S0218,Press 2,17.838,91.83,62.4,50.7,26,13,21.86
S0218,Press 3,9.788,46.57,4.0,6.2,3,1,20.75
S0219,Press 1,12.374,55.14,13.6,13.7,4,2,20.92
S0219,Press 2,17.564,88.86,48.4,50.4,17,15,20.72
S0219,Press 3,9.236,46.95,5.5,7.9,2,1,20.83
S0220,Press 1,11.379,53.61,10.7,17.2,6,3,21.92
S0220,Press 2,16.829,90.3,48.7,44.3,17,15,21.58
S0220,Press 3,9.639,49.35,4.2,10.2,2,1,21.98
S0221,Press 1,12.713,55.89,8.3,16.9,5,3,21.48
S0221,Press 2,17.523,91.9,32.0,49.5,26,14,21.19
S0221,Press 3,8.892,47.91,4.2,6.7,2,1,21.43
S0222,Press 1,12.243,55.83,11.2,17.0,5,2,21.61
S0222,Press 2,17.544,91.19,46.3,43.3,19,14,21.0
S0222,Press 3,9.261,46.75,6.4,5.4,2,1,22.0
S0223,Press 1,12.382,56.35,14.3,13.3,6,4,20.65
S0223,Press 2,17.452,91.59,42.6,25.2,14,10,21.4
S0223,Press 3,9.239,47.55,5.8,8.7,2,1,21.86
S0224,Press 1,12.094,54.2,14.0,16.4,5,3,20.96
S0224,Press 2,16.856,92.55,47.4,39.5,14,10,20.88
S0224,Press 3,9.551,49.1,3.8,6.5,2,1,21.83
S0225,Press 1,11.309,53.94,12.2,10.2,4,4,21.99
S0225,Press 2,18.333,89.7,54.5,53.9,24,12,21.12
S0225,Press 3,9.346,49.13,5.6,8.5,3,1,22.14
S0226,Press 1,11.879,54.38,7.6,8.5,4,4,21.39
S0226,Press 2,16.815,91.56,51.8,53.7,25,11,20.74
S0226,Press 3,9.764,48.06,3.2,6.4,1,1,21.2
S0227,Press 1,11.583,55.62,11.6,15.5,7,3,20.75
S0227,Press 2,17.592,91.3,30.8,26.7,12,13,20.91
S0227,Press 3,8.917,47.08,5.0,9.4,2,1,21.7
S0228,Press 1,12.101,54.47,7.3,16.1,4,3,20.85
S0228,Press 2,17.975,89.73,36.3,54.5,12,10,21.09
S0228,Press 3,9.819,48.07,3.8,6.3,2,1,22.04
S0229,Press 1,12.094,53.42,15.0,9.2,8,3,21.98
S0229,Press 2,16.992,93.18,61.5,45.3,18,9,22.3
S0229,Press 3,9.051,47.56,5.1,5.8,2,1,21.65
S0230,Press 1,12.539,53.71,14.2,11.5,8,2,20.95
S0230,Press 2,18.115,91.64,55.8,50.2,23,15,22.03
S0230,Press 3,9.201,46.58,5.2,8.5,2,1,21.73
S0231,Press 1,11.415,56.32,12.7,9.9,5,3,21.25
S0231,Press 2,17.311,89.18,53.9,33.7,15,12,22.09
S0231,Press 3,9.532,46.6,4.7,9.1,2,1,22.0
S0232,Press 1,12.383,54.33,10.3,10.6,6,3,20.64
S0232,Press 2,17.822,90.38,51.3,43.5,25,13,20.82
S0232,Press 3,9.319,49.17,5.6,5.8,3,1,21.78
S0233,Press 1,11.612,56.53,9.8,11.1,6,3,22.03
S0233,Press 2,17.866,88.92,55.0,38.7,13,11,21.14
S0233,Press 3,9.719,48.1,4.7,9.7,2,1,21.19
S0234,Press 1,11.351,56.23,15.4,14.8,6,4,21.59
S0234,Press 2,17.217,92.33,44.7,34.9,23,11,21.19
S0234,Press 3,9.897,46.56,5.6,5.0,3,1,21.21
S0235,Press 1,11.702,55.38,8.2,18.1,5,3,20.99
S0235,Press 2,18.416,93.44,61.8,34.0,24,12,22.0
S0235,Press 3,8.97,47.44,6.0,8.8,2,1,22.28
S0236,Press 1,11.504,56.35,13.8,11.0,5,4,22.27
S0236,Press 2,18.06,88.71,42.7,34.8,21,12,21.2
S0236,Press 3,9.569,48.41,6.8,7.8,2,1,22.2
S0237,Press 1,11.324,56.14,10.4,18.7,6,2,22.19
S0237,Press 2,16.848,91.28,51.4,30.4,23,9,21.47
S0237,Press 3,9.672,47.21,6.4,6.4,1,1,20.97
S0238,Press 1,11.605,54.62,8.2,10.6,7,4,22.28
S0238,Press 2,18.37,89.35,43.8,41.1,21,10,21.4
S0238,Press 3,9.427,48.33,5.5,6.2,2,1,21.76
S0239,Press 1,11.46,55.28,10.2,12.4,7,2,22.2
S0239,Press 2,17.806,88.28,45.8,25.5,20,12,20.87
S0239,Press 3,9.715,47.83,3.5,6.8,3,1,21.17
S0240,Press 1,11.747,55.81,8.1,11.2,7,3,21.23
S0240,Press 2,16.61,90.7,53.5,35.8,22,10,22.35
S0240,Press 3,9.732,46.93,6.5,10.2,3,1,22.25
